retailer,category_dollars,garrett_avg_stores,category_dollars_rank,dist_rank_low_is_good,whitespace_score
Walmart,810046.75,356.09455128205127,1.0,5.0,4.3999999999999995
Kroger,565943.59,284.96314102564105,3.0,4.0,3.6
Walgreens,282188.84,213.70272435897436,4.0,3.0,3.4
Target,638245.72,427.23237179487177,2.0,6.0,3.4
Meijer,257343.87,162.72916666666666,5.0,2.0,3.2
Costco,252592.46,122.01923076923077,6.0,1.0,3.0000000000000004
