feature,coefficient
price,-0.3248976654403313
promo_flag,2.376024048973848
feature_display,1.91932339442019
stores_selling,0.04787468170171261
